"Parameter","OR","OR_Lower","OR_Upper","P_Value","P_Adjusted","Significant"
"PA_Choroid",Inf,0.29360631608375,Inf,0.2,0.7,FALSE
"PA_SVP",Inf,0.49337123440315,Inf,0.166666666666667,0.7,FALSE
"PA_DCP",0.69379298297644,0.00851223776328866,20.2967150395672,1,1,FALSE
"PA_ICP",2.41422356733742,0.0847468020755591,195.65298093137,1,1,FALSE
"VD_DCP",0.69379298297644,0.00851223776328866,20.2967150395672,1,1,FALSE
"VD_ICP",2.6457517929523,0.025547603204595,273.196170563243,1,1,FALSE
"VD_SVP",1.4413521389477,0.049269056497594,117.477921529962,1,1,FALSE
