"Model","Window","R2_mean","R2_sd","RMSE_mean"
"XGBoost","pre_3d",0.405528477335673,0.306872514709014,0.248204482840659
"LASSO","pre_all",0.36368166740962,0.231005476766986,0.252741306377084
"Linear Regression","pre_all",0.339023085666815,0.237395832575233,0.277025968333971
"Elastic Net","pre_7d_all",0.312197399924803,0.27728039958954,0.287113622720491
"Random Forest","pre_7d_all",0.264402103392014,0.326032511227233,0.272909922614714
