"Model","Avg_R2","Max_R2","Min_R2","Std_R2"
"XGBoost",0.278004184686079,0.405528477335673,0.18666633552345,0.0925370658763168
"LASSO",0.264837773023084,0.36368166740962,0.145060735648507,0.0900736307289181
"Linear Regression",0.261546216051295,0.339023085666815,0.191933879876441,0.0770824300723856
"Elastic Net",0.23445764455179,0.312197399924803,0.152451124576186,0.0653252936472514
"Random Forest",0.214536787396326,0.264402103392014,0.155597865177383,0.0449581715765909
