"p_value","t_statistic","df","mean_diff","conf_int_low","conf_int_high"
0.00054721648170039,5.56502416461037,7.9342355120628,-13.6094492111154,7.96189374766489,19.257004674566
