"cluster","count","percentage"
1,11,78.5714285714286
2,3,21.4285714285714
