"p_value","F_statistic","df_between","df_within"
0.000444344312281263,16.8804189550777,2,11
