"cluster","count","percentage"
1,7,50
2,3,21.4285714285714
3,4,28.5714285714286
