"p_value","t_statistic","df","mean_diff","conf_int_low","conf_int_high"
9.03087958484285e-06,-6.64455493823144,14.5756717514363,26.4508235107538,-34.9573202874024,-17.9443267341052
