"predictor","total_days","significant_days","significance_rate","mean_rsquared","mean_coef"
"steps_total",35,7,20,0.547164572112605,9.03808611093198e-06
"mean_rhr_1",35,1,2.85714285714286,0.510070460851782,-0.00306955837442485
"total_sleep",35,1,2.85714285714286,0.525464396108732,-8.70965250261772e-05
"mean_bo",35,0,0,0.524069473784936,0.00358756257511047
