"Metric","Interaction_P","PreSurgery_Diff","PreSurgery_P","PostSurgery_Diff","PostSurgery_P","Diabetes_PrePost","Diabetes_PrePost_P","NoDiabetes_PrePost","NoDiabetes_PrePost_P"
"mean","0.000***",4.47675578879188,"0.122",6.97788591358706,"0.016*",-0.674708550154047,"0.111",1.82642157464114,"0.000***"
"min","0.038*",4.81416966557094,"0.060",6.47062328591287,"0.010*",-0.465712851676088,"0.370",1.19074076866585,"0.049*"
"max","0.206",0.487718954333697,"0.865",2.83260851987042,"0.253",-1.2701535547222,"0.291",1.07473601081453,"0.446"
"sd","0.028*",-1.76160208476062,"0.005**",-1.06106174643025,"0.054",0.0382370552804202,"0.853",0.738777393610785,"0.002**"
