"Parameter","Rho","P_value"
"1m",0.18265101708105,0.392963447024337
"1w",0.146225484489336,0.495369903355924
