"Parameter","Rho","P_value"
"1m",-0.1360074399267,0.526287360379687
"1w",0.0257531450294651,0.904920092956359
