"Parameter","Rho","P_value"
"1m",0.310086836473021,0.280611933005802
"1w",0.165932858417292,0.570759663704884
