"Parameter","Rho","P_value"
"1m",-0.16390304213574,0.575546756384065
"1w",0.143808477294986,0.623796074244637
