"Model","Window","R2_mean","R2_sd","RMSE_mean"
"Elastic Net","pre_3d_7d",0.572126537366355,0.361776024478289,0.198520723396781
"LASSO","pre_3d_7d",0.565421567534664,0.356921181989273,0.201703247600795
"Linear Regression","pre_3d_7d",0.554640296052395,0.363626395292959,0.202726718517726
"XGBoost","pre_3d_7d",0.469052991370007,0.324539968184367,0.186086750222639
"Random Forest","pre_3d_7d",0.428095963226992,0.280693798288865,0.206632532479224
