"Model","Window","R2_mean","R2_sd","RMSE_mean"
"XGBoost","post_4to6d",0.521322455640183,0.236648508311661,0.210413008793641
"Elastic Net","post_4to6d",0.495826574858877,0.302637303058447,0.235801129678055
"LASSO","pre_3d_7d",0.479966304668024,0.309229988420901,0.210715199649348
"Linear Regression","pre_3d_7d",0.474666048138369,0.321601428586532,0.213507244135826
"Random Forest","pre_3d_7d",0.415408988054906,0.26954707290668,0.213058168910841
