"Model","Avg_R2","Max_R2","Min_R2","Std_R2"
"Elastic Net",0.396319953463144,0.495826574858877,0.248561304708201,0.0921034606630901
"XGBoost",0.391164211393284,0.521322455640183,0.256251960253866,0.106737088291755
"LASSO",0.375413725074428,0.479966304668024,0.243724469980733,0.091007702110442
"Linear Regression",0.372876867577875,0.474666048138369,0.219408275332583,0.0924036527959795
"Random Forest",0.259981968793257,0.415408988054906,0.177950641456876,0.0864935866725042
