"Model","Avg_R2","Max_R2","Min_R2","Std_R2"
"Linear Regression",0.39021912131907,0.554640296052395,0.2193699530135,0.121678725929763
"Elastic Net",0.38814234851922,0.572126537366355,0.248556043089912,0.120587425096767
"LASSO",0.375737282668984,0.565421567534664,0.243712146096074,0.122763529501545
"XGBoost",0.312377212365396,0.469052991370007,0.17701098707786,0.108636309722286
"Random Forest",0.227855019770734,0.428095963226992,0.12082746780712,0.117595852715631
