"day_point","total_participants","participants_with_daytime","participants_with_nighttime","participants_with_both","percentage_with_both"
-10,49,8,7,6,12.2448979591837
-9,49,16,15,14,28.5714285714286
-8,49,17,16,15,30.6122448979592
-7,49,24,19,19,38.7755102040816
-6,49,29,25,23,46.9387755102041
-5,49,29,27,23,46.9387755102041
-4,49,36,33,31,63.265306122449
-3,49,39,35,34,69.3877551020408
-2,49,37,31,29,59.1836734693878
-1,49,36,40,34,69.3877551020408
