"max_cluster","n","mean_cardio_health","mean_activity","mean_composite_health","mean_choroidal_improvement"
1,4,0.0922840557475096,0.0921178571428571,0.00824450582873978,-10.4041
2,8,0.111022488593375,0.132035119047619,0.0145476063896694,2.7316125
