"predictor","total_days","significant_days","significance_rate","mean_rsquared","mean_coef"
"steps_total",36,7,19.4444444444444,0.548441418671839,9.03772439146785e-06
"mean_rhr_1",36,2,5.55555555555556,0.516238710585201,-0.00341889875278339
"total_sleep",36,1,2.77777777777778,0.524134980618352,-8.42542156735259e-05
"mean_bo",36,0,0,0.526305854368422,0.00459123344513056
