"Model","Day","R2_mean","R2_sd","RMSE_mean"
"Elastic Net","Day -4",0.695103775009149,0.132920821036988,0.201061978687834
"XGBoost","Day 4",0.612058650236943,0.281936139022969,0.193935961694347
"LASSO","Day -4",0.595629601639523,0.133605982236047,0.202683218228095
"Linear Regression","Day 4",0.523892199878438,0.236834252478473,0.272033377981289
"Random Forest","Day 5",0.437465338429078,0.248377629736718,0.282062579055131
