"Model","Day","R2_mean","R2_sd","RMSE_mean"
"XGBoost","Day 4",0.533140232856297,0.172865566624502,0.206466973499414
"LASSO","Day -6",0.526699337338767,0.252235108731607,0.18243848629632
"Random Forest","Day -4",0.494092707363646,0.261702843029774,0.238792325793008
"Elastic Net","Day -6",0.487678745218092,0.358502676383527,0.182618765089703
"Linear Regression","Day -4",0.473059350117406,0.249319816896169,0.217508253453467
