"Model","Avg_R2","Max_R2","Min_R2","Std_R2"
"XGBoost",0.332075123040831,0.533140232856297,0.129445038861956,0.126991166720178
"Linear Regression",0.314013752598957,0.473059350117406,0.135766391501209,0.0942975865741274
"Elastic Net",0.312555956617876,0.487678745218092,0.0236326414440539,0.145836427565658
"Random Forest",0.247841532226506,0.494092707363646,0.0442104899832978,0.121026387091858
"LASSO",NA,NA,NA,NA
