"Model","Avg_R2","Max_R2","Min_R2","Std_R2"
"Linear Regression",0.337154622782145,0.523892199878438,0.180283549760902,0.108669653635481
"XGBoost",0.334907420641174,0.612058650236943,0.162378731150105,0.147714378356484
"Random Forest",0.273331447809017,0.437465338429078,0.0719775812767811,0.110954676873621
"Elastic Net",NA,NA,NA,NA
"LASSO",NA,NA,NA,NA
