"Model","Day","R2_mean","R2_sd","RMSE_mean"
"XGBoost","Day 4",0.585728626763536,0.0972625030133095,0.198963047923505
"Elastic Net","Day -4",0.559511705786234,0.289705379325499,0.189952147363076
"LASSO","Day -4",0.517541596736463,0.266483972193145,0.203996160115277
"Linear Regression","Day -4",0.516936070607315,0.149305487533195,0.20833690389599
"Random Forest","Day -4",0.495950099468615,0.2015512577764,0.233738343328378
