"Model","Avg_R2","Max_R2","Min_R2","Std_R2"
"XGBoost",0.353469047820241,0.585728626763536,0.128651079637604,0.145338107409438
"Elastic Net",0.329533235457823,0.559511705786234,0.0973750983637677,0.11980924561198
"Linear Regression",0.329102651761735,0.516936070607315,0.125678519557635,0.123149054146965
"Random Forest",0.256105838539245,0.495950099468615,0.10190664325076,0.107456679073972
"LASSO",NA,NA,NA,NA
