"subject_id","wearable_cluster","wearable_membership","outcome_cluster","outcome_membership"
"SH019",1,0.91960286803318,2,0.652779530804974
"SH032",2,0.91960286803318,1,0.722927742345967
"SH035",2,0.92015002402121,1,0.756867393908526
"SH058",1,0.923473687052997,2,0.726640872459808
"SH061",1,1,1,0.651946627744839
"SH067",2,0.921828020224032,2,0.675499603686243
"SH068",2,0.91960286803318,1,0.67696751656776
"SH071",1,0.921828020224032,2,0.708514570495771
"SH072",2,0.91960286803318,2,0.741057942730248
"SH073",1,0.921828020224032,2,0.518835292056372
"SH074",1,0.923473687052997,2,0.600792477412733
