"Parameter","Rho","P_value","P_adjusted"
"PA_ICP",0.534313725490196,0.0271397758044596,0.189978430631217
"PA_DCP",0.470588235294118,0.0565941087969963,0.339564652781978
"PA_SVP",0.42156862745098,0.0919126286128185,0.459563143064092
"PA_Choroid",-0.0147058823529412,0.955327485542882,1
"VD_DCP",0.138235294117647,0.609665940750183,1
"VD_ICP",-0.0911764705882353,0.737004950173659,1
"VD_SVP",0.0264705882352941,0.922480570501729,1
