"Parameter","Rho","P_value","P_adjusted"
"Thickness_GCL.IPL",0.212121212121212,0.55630577510293,1
"Thickness_INL",0.248484848484848,0.488776304519243,1
"Thickness_OuterRetina",-0.151515151515151,0.676065175997854,1
"Thickness_Retina",0.0424242424242424,0.907363817812816,1
