"Parameter","Rho","P_value","P_adjusted"
"PA_Choroid",0.133333333333333,0.732367505236297,1
"PA_DCP",-0.133333333333333,0.732367505236297,1
"PA_ICP",-0.116666666666667,0.765007942926146,1
"PA_SVP",0.183333333333333,0.636819811762894,1
"VD_DCP",-0.25,0.516489552301226,1
"VD_ICP",0.0333333333333333,0.932156735540504,1
"VD_SVP",0.05,0.89835280435063,1
