"cluster","size","mean_membership"
1,7,0.500000000026041
2,8,0.511528084491193
