"cluster","size","mean_membership"
1,5,0.910455137946466
2,9,0.909272132180999
