"cluster","size","mean_membership"
1,7,0.944315183226748
2,8,0.919552007841394
