"cluster","size","mean_membership"
1,6,0.333333333333333
2,9,0.343212983900093
