"cluster","size","mean_membership"
1,6,0.942178706074653
2,8,0.908502194854375
