"time_window","r_squared","adj_r_squared","rmse","hr_only_r2","bo_only_r2","steps_only_r2","improve_1w_only_r2","all_r2","sample_size"
"pre_3d",0.789180198565156,0.209425744619333,0.101205068740904,0.20218149012421,0.236586698364127,0.118853107188125,0.341103266618416,0.365015341523596,16
"pre_3d_7d",0.880731417113523,0.4831694741586,0.0688941419014664,0.581787862087563,0.152423233658222,0.332270870097176,0.600560696027387,0.179553657017348,14
"pre_7d_all",0.783189550162346,0.385703725459982,0.110229545917884,0.671155840949009,0.475911987022681,0.532592065430046,0.564956187556543,0.537370160490731,18
"post_7d_30d",0.764083129983495,0.439697433710801,0.130327860125882,0.396367091402464,0.388284057765467,0.436649093819323,0.604932635198107,0.352065585727473,20
"post_day23_30",0.825699004777507,0.551797440856448,0.101366961782795,0.332261234120751,0.355612706401999,0.363114596343565,0.364064909677487,0.529500444001293,19
"post_day27_30",0.816127001677723,0.479026504753549,0.10695511926207,0.287968689526147,0.455079144428558,0.400846793939262,0.154982232469853,0.253384530357129,18
