"Parameter","Rho","P_value","P_adjusted"
"VD_DCP",0.461538461538462,0.112375970558251,0.78663179390776
"VD_ICP",0.445054945054945,0.127523836138437,0.78663179390776
"PA_Choroid",-0.137362637362637,0.654516840294713,1
"PA_DCP",0.153846153846154,0.615798868648881,1
"PA_ICP",0.0989010989010989,0.747868303598391,1
"PA_SVP",0.269230769230769,0.373733042281892,1
"VD_SVP",0.247252747252747,0.415405119725538,1
