"Parameter","Rho","P_value","P_adjusted"
"Thickness_GCL.IPL",-0.0363636363636364,0.915468316890535,0.915468316890535
"Thickness_INL",-0.354545454545455,0.284692740955887,0.915468316890535
"Thickness_OuterRetina",-0.2,0.555445442105586,0.915468316890535
"Thickness_Retina",-0.109090909090909,0.749508596234148,0.915468316890535
