"Parameter","Rho","P_value","P_adjusted"
"PA_SVP",0.601398601398601,0.0385884529220194,0.270119170454136
"VD_SVP",0.41958041958042,0.174519008130059,0.610816528455208
"PA_DCP",0.321678321678322,0.307909876180653,0.619758372157613
"PA_ICP",0.293706293706294,0.354147641232922,0.619758372157613
"PA_Choroid",0.195804195804196,0.541935885731317,0.649526565539637
"VD_ICP",0.188811188811189,0.556737056176831,0.649526565539637
"VD_DCP",-0.0769230769230769,0.812182698028059,0.812182698028059
