"Parameter","Rho","P_value","P_adjusted"
"PA_Choroid",0.854545454545455,0.000806674152164899,0.00564671906515429
"VD_ICP",-0.6,0.0510032607069507,0.306019564241704
"VD_DCP",-0.572727272727273,0.0655430526010185,0.327715263005093
"VD_SVP",-0.545454545454545,0.0826509573441751,0.3306038293767
"PA_DCP",0.209090909090909,0.537220935211323,0.66860505040056
"PA_ICP",0.372727272727273,0.258925873684222,0.66860505040056
"PA_SVP",0.4,0.22286835013352,0.66860505040056
