"Model","Day","R2_mean","R2_sd","RMSE_mean"
"Linear Regression","Day 22",0.814046187487566,0.0972868434740695,0.151338031085317
"XGBoost","Day 19",0.804691460558046,0.107904318152409,0.147124660556744
"Elastic Net","Day -7",0.782665230010786,0.131997260745341,0.141461796566752
"LASSO","Day 23",0.776753124793662,0.167401798959414,0.157628001727191
"Random Forest","Day -1",0.774663373719399,0.144978803022798,0.154642583231111
