"Model","Avg_R2","Max_R2","Min_R2","Std_R2"
"LASSO",0.663262847240828,0.776753124793662,0.47803194251319,0.0801465278131201
"Elastic Net",0.654936354018901,0.782665230010786,0.500355996851401,0.0722833765959652
"Linear Regression",0.64886833657684,0.814046187487566,0.401573302106607,0.0850377390175008
"XGBoost",0.647605058710858,0.804691460558046,0.427420618091581,0.0829192296217668
"Random Forest",0.591376619493331,0.774663373719399,0.462205076115766,0.0729262252887147
