"day","stat_type","p_value","significant","p_adjusted","significant_adjusted"
22,"mean",0.000234718273271047,TRUE,0.00891929438429979,TRUE
8,"median",0.000912148435575603,TRUE,0.0177620661862982,TRUE
21,"median",0.000934845588752538,TRUE,0.0177620661862982,TRUE
22,"median",0.00252635772457592,TRUE,0.0320005311779617,TRUE
4,"skew",8.76995729127834e-05,TRUE,0.00333258377068577,TRUE
