"","npar","AIC","BIC","logLik","deviance","Chisq","Df","Pr(>Chisq)"
"base_mixed_model",20,-8299.23836585096,-8226.54257378757,4169.61918292548,-8339.23836585096,NA,NA,NA
"full_mixed_model",28,-8144.72461918528,-8042.95051029654,4100.36230959264,-8200.72461918528,0,8,1
