"Group","R_squared","Adjusted_R_squared","RMSE"
"Diabetes",0.42659182174143,0.156752679031515,0.22107937862576
"No Diabetes",0.356694399043488,-0.0721760015941875,0.176548979527097
