"time_point","group","predictor","r2","rmse","success_rate"
"4","D_Surg1","All Variables",0.00857984432428964,1.46562031092274,0.925
"4","D_Surg1","Heart Rate",0.0195210198609564,0.309338339528069,0.925
"4","D_Surg1","Blood Oxygen",0.0821303457913372,0.231022157651958,0.925
"4","D_Surg1","Steps",0.0326879637437256,0.246500157190101,0.925
"4","D_Surg1","Sleep",0.0130267242879017,0.27477097807116,0.925
