"time_point","group","predictor","r2","rmse","success_rate"
"2","D_Surg1","All Variables",0.0295043231117689,0.925606289003453,0.935
"2","D_Surg1","Heart Rate",0.0453380151957812,0.238949005127193,0.935
"2","D_Surg1","Blood Oxygen",0.007010204154947,0.274241635517265,0.935
"2","D_Surg1","Steps",0.0985929702033042,0.237152476118716,0.935
"2","D_Surg1","Sleep",0.00452959253853341,0.272919006929872,0.935
