"time_point","group","predictor","r2","rmse","success_rate"
"1","D_Surg1","All Variables",0.00559554884505506,2.01151972120772,0.795
"1","D_Surg1","Heart Rate",0.0803506044547849,0.219572524953973,0.795
"1","D_Surg1","Blood Oxygen",0.242697881458798,0.169036007743156,0.795
"1","D_Surg1","Steps",0.0311074310202989,0.29237474192551,0.795
"1","D_Surg1","Sleep",0.010159258741545,0.280084019078702,0.795
