"time_point","group","predictor","r2","rmse","success_rate"
"3","D_Surg1","All Variables",0.1903130549214,0.988661316861474,0.83
"3","D_Surg1","Heart Rate",0.108848271863689,0.187209199110111,0.83
"3","D_Surg1","Blood Oxygen",0.0697261544091156,0.23126985591042,0.83
"3","D_Surg1","Steps",0.0762119121490788,0.208271022859397,0.83
"3","D_Surg1","Sleep",0.0520687325992328,0.24508878422453,0.83
