"time_point","group","predictor","r2","rmse","success_rate"
"-3","D_Surg1","All Variables",0.0109144060188624,0.752599515909811,0.93
"-3","D_Surg1","Heart Rate",0.0490927309943549,0.217297715652322,0.93
"-3","D_Surg1","Blood Oxygen",0.0480311293800338,0.225911151472501,0.93
"-3","D_Surg1","Steps",0.0287336447054811,0.218824508996191,0.93
"-3","D_Surg1","Sleep",0.01647972085074,0.233400568210622,0.93
