"time_point","group","predictor","r2","rmse","success_rate"
"-1","D_Surg1","All Variables",0,1.53214236731511,0.83
"-1","D_Surg1","Heart Rate",0.00250943507130636,0.260374948296559,0.83
"-1","D_Surg1","Blood Oxygen",0.000189748558614964,0.257844903276369,0.83
"-1","D_Surg1","Steps",0.0116447017933893,0.271013338570926,0.83
"-1","D_Surg1","Sleep",0.00644646090648031,0.29888046278729,0.83
