"time_point","group","predictor","r2","rmse","success_rate"
"-4","D_Surg1","All Variables",0,7.75831028675277,0.795
"-4","D_Surg1","Heart Rate",0.207644522223043,0.295871186267645,0.795
"-4","D_Surg1","Blood Oxygen",0.0375381432816678,0.453294873339964,0.795
"-4","D_Surg1","Steps",0.0722424540760687,0.314807129215638,0.795
"-4","D_Surg1","Sleep",0.0298422599879621,0.324663709601236,0.795
