"time_point","group","predictor","r2","rmse","success_rate"
"5","D_Surg1","All Variables",0.0838293027427118,0.804321113562894,0.93
"5","D_Surg1","Heart Rate",0.217443032979143,0.175704146329453,0.93
"5","D_Surg1","Blood Oxygen",0.0793074000539353,0.269787403826533,0.93
"5","D_Surg1","Steps",0.109940833439778,0.223940531996479,0.93
"5","D_Surg1","Sleep",0.0522915825534323,0.436130445677696,0.93
