"time_point","group","predictor","r2","rmse","success_rate"
"0","D_Surg1","All Variables",0.00665978191962691,1.47741726277123,0.84
"0","D_Surg1","Heart Rate",0.232031584495594,0.194411797534218,0.84
"0","D_Surg1","Blood Oxygen",0.0433493951501275,0.318480550383918,0.84
"0","D_Surg1","Steps",0.037103288441762,0.320926407089529,0.84
"0","D_Surg1","Sleep",0.0498454809728793,0.326609537277949,0.84
