"cluster","size","mean_membership"
1,7,0.621408096230884
2,1,0.343510133523406
3,7,0.782297885669918
