"time_window","sample_size","all_r2","best_single_predictor","best_single_r2","improvement_over_best"
"pre_7d_all",16,0.435062934281013,"Steps",0.574155349104359,-0.139092414823346
"pre_3d_7d",16,0.417935670153243,"BO",0.600784309034641,-0.182848638881397
"pre_3d",14,0.338093673194395,"Steps",0.37313903655047,-0.0350453633560749
"post_1to3d",15,0.428675757005099,"HR",0.500206745337187,-0.0715309883320877
"post_4to6d",15,0.4260936525872,"BO",0.74323479160403,-0.31714113901683
"post_6d",15,0.656655072141649,"BO",0.6886390158209,-0.0319839436792515
