"Parameter","Rho","P_value"
"1w",-0.333275210992202,0.224795548700904
"1m",-0.0877832654510156,0.755732935453765
