"","SVD_NerveFiber_0_6_T0","SVD_Superficial_0_6_T0","PA_Avascular_0_6_T0","PA_Choriocapillaris_0_6_T0","PA_Choroid_0_6_T0","PA_DCP_0_6_T0","PA_Deep_0_6_T0","PA_ICP_0_6_T0","PA_InnerRetina_0_6_T0","PA_NerveFiber_0_6_T0","PA_Retina_0_6_T0","PA_Superficial_0_6_T0","PA_SVP_0_6_T0","PA_Vitreous_0_6_T0","VD_DCP_0_6_T0","VD_Deep_0_6_T0","VD_ICP_0_6_T0","VD_InnerRetina_0_6_T0","VD_NerveFiber_0_6_T0","VD_Superficial_0_6_T0","VD_SVP_0_6_T0"
"mean_hr",0.580516168159327,0.520321709861655,0.473523953741439,0.818773180581559,0.963740108397539,0.616425885841389,0.734851555616604,0.737977835592547,0.910570989537882,0.402590505045222,0.687600499070235,0.333952445061229,0.215563084360609,0.996793884465247,0.220430506419077,0.772007500966961,0.294127899979219,0.641890922647129,0.745722543555318,0.463078819656674,0.275495131817557
"mean_rhr",0.737776812404255,0.553661108075447,0.246380998103962,0.472632675312139,0.978083030838962,0.541299591138984,0.774871774783194,0.609234198105954,0.925615660534705,0.334952176480619,0.611712106173241,0.260224949901126,0.194592728303268,0.706367869114102,0.233718160540149,0.729658777426713,0.265522862402584,0.688185448688198,0.745874805219276,0.474677643331491,0.268425089946038
"mean_bo",0.535342040972971,0.471272871651469,0.187125689244433,0.0498898844580975,0.589156529613503,0.171844083857307,0.178896463875804,0.166542335097059,0.280380677999952,0.385000921759519,0.587902814504595,0.595123994095549,0.627351639726956,0.687491101305314,0.095705951934558,0.242317924046606,0.301421624561043,0.434490121171336,0.626496252644269,0.839687888977965,0.774762700637927
"total_steps",0.244108094388012,0.891538136194951,0.847084660830198,0.78302000046271,0.656199356341496,0.628447540198039,0.534280662122071,0.449016848190803,0.545278729053309,0.372605767156779,0.903213125151819,0.676049104503761,0.563406111477089,0.798736769177627,0.859954611496038,0.676260033113346,0.814555802117607,0.963627436309117,0.484536831340408,0.980102596978722,0.494122022824976
"total_sleep",0.386006006895871,0.82888255209831,0.454523763512087,0.449503150004167,0.192352268444487,0.791406108564277,0.651996088482644,0.61416889999491,0.34278458858187,0.895176276558518,0.179755150478775,0.47935186545684,0.361065687059492,0.395344699656216,0.523622449013382,0.929243272859689,0.696266280069405,0.257391604490034,0.594303096147491,0.506470280335056,0.167519995353561
