"","Thickness_Choroid_0_6_T0","Thickness_GCL.IPL_0_6_T0","Thickness_INL_0_6_T0","Thickness_OuterRetina_0_6_T0","Thickness_PED_0_6_T0","Thickness_Retina_0_6_T0","Thickness_RNFL_0_6_T0"
"mean_hr",0.676655300814599,0.328231391918604,0.210139856727394,0.171830390746396,0.382542452690144,0.113933652695451,0.124655002493815
"mean_rhr",0.602856052397323,0.196866524047516,0.134632117468136,0.0825176783360462,0.461967817987713,0.041496405930465,0.040597844635683
"mean_bo",0.823964467246544,0.34956675741678,0.828306409663731,0.661238747404184,0.28659482075415,0.648755201319024,0.670724173734554
"total_steps",0.849075271692577,0.941020910560841,0.785777652015552,0.93694525713137,0.62458531338039,0.798729630594348,0.438133603433597
"total_sleep",0.132149040298516,0.0189432369075604,0.833160059662946,0.970283235438129,0.563784467671419,0.817996847088081,0.446782267905945
