"","Thickness_Choroid_0_6_T0","Thickness_GCL.IPL_0_6_T0","Thickness_INL_0_6_T0","Thickness_OuterRetina_0_6_T0","Thickness_PED_0_6_T0","Thickness_Retina_0_6_T0","Thickness_RNFL_0_6_T0"
"mean_hr",-3.07631154888153,0.628125868104363,0.532286552283379,3.11035450837486,0.00236597013638237,5.61028724199082,1.96764567054753
"mean_rhr",-3.66121709593258,0.789018393654296,0.600994333527617,3.70829018961454,0.00192643288646894,6.77203878904887,2.46275626038042
"mean_bo",12.8460443194974,-4.55411118553044,-0.727072736737045,-8.04704791015869,0.0226419679118183,-12.8838873677702,-4.10980327419155
"total_steps",0.00232737573367119,8.12941194254548e-05,-0.000196421626189706,0.000312824771187761,2.3355671321981e-06,-0.00157228831088356,-0.00168870027630342
"total_sleep",0.291887948909674,0.0377277984908802,-0.00220842111385457,-0.00228194539424886,-4.35352348806323e-05,0.0219514672798042,0.0264419794123369
