"","Thickness_Choroid_0_6_T0","Thickness_GCL.IPL_0_6_T0","Thickness_INL_0_6_T0","Thickness_OuterRetina_0_6_T0","Thickness_PED_0_6_T0","Thickness_Retina_0_6_T0","Thickness_RNFL_0_6_T0"
"mean_hr",0.0659783317633061,0.248166156472072,0.284353411695692,0.0916401280338514,0.333720548410358,0.0672098931231843,0.121011749448759
"mean_rhr",0.0645473770486511,0.162923439728933,0.23861902031715,0.0578608712020729,0.536721493349509,0.0394372130335587,0.0740632537215079
"mean_bo",0.519323466007357,0.0148527034146434,0.110578274062917,0.184304807836081,0.0965901376483463,0.0630007320016037,0.0289003321914108
"total_steps",0.0762753550476622,0.280889478333141,0.97583417367608,0.354719433498827,0.725476255886522,0.450965083693305,0.795500938477603
"total_sleep",0.331621260031285,0.628004920073169,0.25555264627574,0.420343856009418,0.428147154531328,0.309160311485121,0.369037276442391
