"","Thickness_Choroid_0_6_T0","Thickness_GCL.IPL_0_6_T0","Thickness_INL_0_6_T0","Thickness_OuterRetina_0_6_T0","Thickness_PED_0_6_T0","Thickness_Retina_0_6_T0","Thickness_RNFL_0_6_T0"
"mean_hr",17.6121080045061,-0.265061577231036,-0.563598693941795,-4.44699080693846,0.00751971680539033,-6.12883310173273,-1.11825603813235
"mean_rhr",-16.1935413267987,0.497572388475438,0.727582361336011,5.84159164877818,-0.00558306368189283,8.35172242121698,1.78255964293212
"mean_bo",12.2453306029361,-4.16756500239601,-1.32755477554044,-3.34567039612074,0.0204840324588261,-11.7093369006357,-7.03611632958987
"total_steps",-0.0113415715528152,-0.000268828740722274,-0.000280831677484719,0.000367118182601657,-2.06739479269883e-06,-0.00117350866515375,-0.00125978594755697
"total_sleep",0.0586490706523799,-0.0173611067511062,-0.00776911562594377,-0.0421027912171095,2.19344955916823e-05,-0.0777028729172434,-0.0278310343412796
