"","Thickness_Choroid_0_6_T0","Thickness_GCL.IPL_0_6_T0","Thickness_INL_0_6_T0","Thickness_OuterRetina_0_6_T0","Thickness_PED_0_6_T0","Thickness_Retina_0_6_T0","Thickness_RNFL_0_6_T0"
"mean_hr",0.179060108469626,0.819426555906689,0.478280280564871,0.333427858028755,0.107972190175156,0.412087438229459,0.678016631748218
"mean_rhr",0.1940513314824,0.653193100166903,0.338357466547505,0.185563812462962,0.20591035742334,0.243607138350345,0.488376139632165
"mean_bo",0.657667838953608,0.101917412276898,0.435680040750658,0.731904954868028,0.0437331413292152,0.463540520525293,0.227933955680971
"total_steps",0.158001364688617,0.705336063538649,0.562963712164251,0.89525687798346,0.461436837443706,0.796264519259651,0.446304295427113
"total_sleep",0.622979171938316,0.11373847277666,0.292718354129687,0.32169877556366,0.603854348127387,0.262861195737008,0.268050519127148
