"","Thickness_Choroid_0_6_T0","Thickness_GCL.IPL_0_6_T0","Thickness_INL_0_6_T0","Thickness_OuterRetina_0_6_T0","Thickness_PED_0_6_T0","Thickness_Retina_0_6_T0","Thickness_RNFL_0_6_T0"
"mean_hr",-1.73809403510492,-5.54460534558869,-0.857503458714423,-4.31653498752198,-0.00828191703931454,-10.8352665272567,-5.66123401454739
"mean_rhr",1.84099501604709,5.79309396758451,0.941673663091946,4.5420214806874,0.00759268862920974,11.2589976585677,5.77530606279745
"mean_bo",-52.9591991097791,-4.99841273910302,-1.77427095647259,-5.30662938626952,-0.0103050659423326,-17.0866365425998,-10.005697869419
"total_steps",0.00427560604631238,0.000892748031753801,0.000123783332698071,0.00234379437698806,1.62668248064136e-06,0.00346951903796687,0.00100195647947749
"total_sleep",-0.00499347333425527,-0.0698000359586004,-0.00826662905099079,-0.0410266200037938,-2.92457672595114e-05,-0.118778125889519,-0.0694850063438812
