"","Thickness_Choroid_0_6_T0","Thickness_GCL.IPL_0_6_T0","Thickness_INL_0_6_T0","Thickness_OuterRetina_0_6_T0","Thickness_PED_0_6_T0","Thickness_Retina_0_6_T0","Thickness_RNFL_0_6_T0"
"mean_hr",27.7745299149692,-1.32309205427462,-1.16312684863449,-10.6619182612056,0.00836781239730952,-16.1886983080286,-4.36367612919091
"mean_rhr",-28.210705960831,1.63777794724859,1.29990994149577,12.3291290455447,-0.00532748684265279,18.8023704558349,5.17335361564741
"mean_bo",22.2232919494388,-7.67773121876387,-4.39974762156307,-20.0499252393747,0.0368868103246138,-40.4505163655719,-16.0008619781315
"total_steps",-0.0190884928104832,0.000882197738123507,-2.29623579485512e-05,0.00399671809304934,-2.13786631512037e-06,0.00446815234821493,0.000494408656215307
"total_sleep",0.145476783529766,-0.00569225648002507,-0.0130483157833554,-0.0508375083093877,7.1674638569336e-05,-0.0894885825172932,-0.0256027877302542
