"","SVD_NerveFiber_0_6_T0","SVD_Superficial_0_6_T0","PA_Avascular_0_6_T0","PA_Choriocapillaris_0_6_T0","PA_Choroid_0_6_T0","PA_DCP_0_6_T0","PA_Deep_0_6_T0","PA_ICP_0_6_T0","PA_InnerRetina_0_6_T0","PA_NerveFiber_0_6_T0","PA_Retina_0_6_T0","PA_Superficial_0_6_T0","PA_SVP_0_6_T0","PA_Vitreous_0_6_T0","VD_DCP_0_6_T0","VD_Deep_0_6_T0","VD_ICP_0_6_T0","VD_InnerRetina_0_6_T0","VD_NerveFiber_0_6_T0","VD_Superficial_0_6_T0","VD_SVP_0_6_T0"
"mean_hr",0.889868574699973,0.260101799402855,0.779467067826243,0.742722786481244,0.642586113652179,0.0340636550442941,0.0537071837263248,0.0539656033075273,0.451217422953018,0.986292879740147,0.507712850356643,0.55994660856431,0.898730971634287,0.353757391952501,0.0746422639375967,0.0430762957402376,0.108159382275797,0.459809517806283,0.403285483838085,0.821094859145954,0.624927596551233
"mean_rhr",0.778955227804036,0.300330917853376,0.815296414279992,0.61785553001745,0.573492799316161,0.0247057019075909,0.0360302105698371,0.0345725863816566,0.416462908737854,0.927205467684242,0.363572018807219,0.533329221145286,0.740789345736322,0.154553907009504,0.0660535680297632,0.0260345988163912,0.0743070824304432,0.400377694253823,0.439014586001802,0.747995246978442,0.84342449702871
"mean_bo",0.188686772583105,0.749605260478293,0.544005456072276,0.925232219689574,0.541680703961948,0.431110092671889,0.902494708260911,0.746865509474821,0.287364366526923,0.201731788264615,0.196799231280275,0.387450345516045,0.299648814471068,0.183166983343671,0.246692043023224,0.544051582300005,0.502813949186361,0.350873872548248,0.131714851988999,0.398873979859133,0.155690217412452
"total_steps",0.325652078410416,0.262998615942231,0.825483995641083,0.377947566357235,0.166679807248913,0.443736526527965,0.737793500493295,0.571298441353926,0.603480251187633,0.268105544216712,0.545298792976335,0.436041900504002,0.745773500282669,0.981231523329123,0.406870110559543,0.507525539567865,0.393918918749224,0.470071325041194,0.32731788375286,0.410403988747298,0.549683605485268
"total_sleep",0.451059094632061,0.48683184578193,0.929942229700385,0.0801533002111357,0.81930263400626,0.729584130856139,0.803039192715742,0.410987891630161,0.323401796838786,0.461297635535973,0.348035965299017,0.412659762203601,0.383775168376875,0.101464690975816,0.599306222779799,0.945996529443752,0.986317799962278,0.293093620741019,0.446784633220537,0.396200953355289,0.34554429381897
