"","Thickness_Choroid_0_6_T0","Thickness_GCL.IPL_0_6_T0","Thickness_INL_0_6_T0","Thickness_OuterRetina_0_6_T0","Thickness_PED_0_6_T0","Thickness_Retina_0_6_T0","Thickness_RNFL_0_6_T0"
"mean_hr",0.973066532153558,0.0138882525242814,0.344072553964315,0.448069677778334,0.0462242857994373,0.0391869821298983,0.151557510510625
"mean_rhr",0.970320888220052,0.00943994058852572,0.28438007400962,0.408202152983511,0.054476471459804,0.0290847609765946,0.131354409501337
"mean_bo",0.50602276477518,0.0947387754121508,0.210010644010669,0.536767430214949,0.0884428245517388,0.0342243043340111,0.103673311752547
"total_steps",0.826658638721734,0.208310571682304,0.710349699183716,0.286950534504757,0.249924225281992,0.0695798334162966,0.476349869408564
"total_sleep",0.987131100132056,0.000248319042836205,0.147887729345633,0.244678341322182,0.198620595271886,0.00244587952545035,0.0134002525440573
