"","SVD_NerveFiber_0_6_T0","SVD_Superficial_0_6_T0","PA_Avascular_0_6_T0","PA_Choriocapillaris_0_6_T0","PA_Choroid_0_6_T0","PA_DCP_0_6_T0","PA_Deep_0_6_T0","PA_ICP_0_6_T0","PA_InnerRetina_0_6_T0","PA_NerveFiber_0_6_T0","PA_Retina_0_6_T0","PA_Superficial_0_6_T0","PA_SVP_0_6_T0","PA_Vitreous_0_6_T0","VD_DCP_0_6_T0","VD_Deep_0_6_T0","VD_ICP_0_6_T0","VD_InnerRetina_0_6_T0","VD_NerveFiber_0_6_T0","VD_Superficial_0_6_T0","VD_SVP_0_6_T0"
"mean_hr",0.735156838657973,0.986869543499736,0.767435162281647,0.853163723074699,0.842914119409087,0.55086746826309,0.427046346605946,0.626646631209622,0.32344070361695,0.839673249417399,0.301616308208388,0.571859759203809,0.116598999351953,0.504931917797816,0.513873080654248,0.595602930290664,0.952602067935523,0.473323270782811,0.637442536385042,0.653305600793999,0.037578567131153
"mean_rhr",0.644693045015549,0.828912792136684,0.781946348926475,0.99671506504677,0.876612217211991,0.465884265899655,0.364364707491468,0.619121332873996,0.247984749185945,0.858662580565526,0.260362877503675,0.542543329263823,0.133551095927745,0.445139361910298,0.589662139475596,0.536797384041,0.85245333754968,0.385174594071494,0.641917495090285,0.64246353450644,0.0433807710931965
"mean_bo",0.601336889056471,0.344827083811417,0.709238363365894,0.368612259708622,0.337476347915629,0.1293137514489,0.116613690580783,0.202557506970078,0.0701147523875935,0.373957219608571,0.142581745632114,0.254682376877471,0.135318038137227,0.510216150798206,0.424192006421309,0.216943328532123,0.420238473068162,0.180094579388206,0.550024608660566,0.357282359275933,0.13367683725672
"total_steps",0.923183067772982,0.980704704111992,0.783653160125227,0.796730968503876,0.605120754566617,0.142611802305332,0.107743888782294,0.244218202996244,0.298337836603079,0.880265707165194,0.58462337451943,0.796356711686,0.275688602750594,0.560113714974834,0.590476060770264,0.168038006651723,0.394121891109038,0.629687165542124,0.871181253685862,0.909207794162771,0.293161537169376
"total_sleep",0.406057803991879,0.480357891415428,0.825616341758197,0.63340734981411,0.612283800829344,0.826384782429087,0.313830570681822,0.343184662572959,0.0951806624640385,0.7694438554438,0.0959887321310918,0.179306430656506,0.0427937887958528,0.265531289578441,0.249576906154813,0.663228457086595,0.852767695180409,0.148438953029135,0.528668090870609,0.25791767180286,0.00740766602566631
