"","SVD_NerveFiber_0_6_T0","SVD_Superficial_0_6_T0","PA_Avascular_0_6_T0","PA_Choriocapillaris_0_6_T0","PA_Choroid_0_6_T0","PA_DCP_0_6_T0","PA_Deep_0_6_T0","PA_ICP_0_6_T0","PA_InnerRetina_0_6_T0","PA_NerveFiber_0_6_T0","PA_Retina_0_6_T0","PA_Superficial_0_6_T0","PA_SVP_0_6_T0","PA_Vitreous_0_6_T0","VD_DCP_0_6_T0","VD_Deep_0_6_T0","VD_ICP_0_6_T0","VD_InnerRetina_0_6_T0","VD_NerveFiber_0_6_T0","VD_Superficial_0_6_T0","VD_SVP_0_6_T0"
"mean_hr",0.849596614321287,0.100018811432093,0.183963601304474,0.266403042111475,0.525920923877619,0.0252393328399846,0.0336160891174799,0.0362597635812817,0.199186745972432,0.530828242416501,0.118965927830656,0.396311780001143,0.511992285385249,0.165943610172305,0.0626602762705016,0.0392695686554634,0.179760133341241,0.185894396488885,0.494261046954385,0.555593405896548,0.973685958250847
"mean_rhr",0.752945018117872,0.0374685183780159,0.0949005600746387,0.209622668817224,0.520696583463469,0.0158844934732345,0.0208576907182754,0.0241677032715525,0.103070135834967,0.284321857334943,0.0463496509829476,0.275989466403621,0.354898855990919,0.108025758387701,0.038277040842411,0.0256975296690231,0.105753554341222,0.0761385145187736,0.955264609222457,0.296011881126422,0.672451402962767
"mean_bo",0.00425401761227094,0.0328382508203202,0.578348647941548,0.82554285153801,0.853534681294053,0.720087427804459,0.981665167572424,0.737487687313142,0.0556619738100075,0.0254590732542737,0.154796893093342,0.0634119533193772,0.210641514360321,0.104161500271795,0.452557683244279,0.775399332970339,0.963080082945767,0.0548675436687487,0.00563953755744975,0.0350073901887285,0.093024570399811
"total_steps",0.119477665800851,0.0883515560901479,0.114414642803285,0.410860518907233,0.462569200163667,0.0936509947815064,0.178220083954696,0.163658214591912,0.27199160525579,0.0484002809239819,0.220906130045242,0.418425541495641,0.591541299808747,0.504810713696794,0.0771778311454471,0.136053387558026,0.206107946410809,0.276357868170037,0.158145483856949,0.397479617360349,0.510657233026651
"total_sleep",0.0374460087625112,0.0267743612810888,0.874172813221772,0.0530996403361294,0.569555297213706,0.724432422044397,0.673506091065032,0.43704813068047,0.145430922024448,0.0517220340200741,0.334491490699979,0.204259764533034,0.476960936175877,0.238565278717751,0.67076166372815,0.776502590091017,0.466344452748134,0.130630207306822,0.0553510882062658,0.113147180418634,0.470227444070235
