"OCTA_Variable","R_Squared","Adjusted_R_Squared","RMSE","MAE","AIC","BIC","Significant_Predictors"
"Thickness_RNFL_0_6_T0",0.717031417016949,0.511236083938367,12.3523305692227,8.5728716097564,177.311331541347,187.268654276887,"mean_bo, bmi"
"Thickness_GCL.IPL_0_6_T0",0.716646244519017,0.510570785987393,5.16106484589423,3.85780987681922,142.403258275644,152.360581011184,"mean_bo, gender, bmi"
"Thickness_Retina_0_6_T0",0.664998160009171,0.421360458197659,37.928261890714,33.8527060485543,222.185402548984,232.142725284524,"mean_rhr, bmi"
"Thickness_Choroid_0_6_T0",0.600276107944497,0.309567822813222,64.7297504063575,50.5898890960244,243.566377993423,253.523700728963,"gender"
"Thickness_OuterRetina_0_6_T0",0.55295815277229,0.227836809333955,27.44406462917,24.2492533361924,209.243538119109,219.200860854648,"bmi"
"Thickness_INL_0_6_T0",0.499477767727654,0.135461598802311,4.9161160488634,4.06856706594032,140.458293239574,150.415615975114,"bmi"
"Thickness_PED_0_6_T0",0.377162800519848,-0.0758097081929892,0.039370136715572,0.0269148730891506,-52.6323667298152,-42.6750439942753,""
