"OCTA_Variable","R_Squared","Adjusted_R_Squared","RMSE","MAE","AIC","BIC","Significant_Predictors"
"Thickness_GCL.IPL_0_6_T0",0.886221133540538,0.756188143301152,2.80049727808401,2.23692103743428,98.3595370858449,106.085424308243,"mean_hr, mean_rhr, total_sleep, age"
"Thickness_Retina_0_6_T0",0.836560311303693,0.64977209565077,7.04689158372569,5.21108233409843,127.888804566066,135.614691788464,"mean_hr, mean_rhr, mean_bo, total_sleep"
"Thickness_RNFL_0_6_T0",0.699122646600403,0.355262814143721,5.78968595081758,4.45933261639024,121.600530668501,129.326417890899,"total_sleep"
"Thickness_PED_0_6_T0",0.587276225807932,0.115591912445568,0.00563743717784381,0.00448775804068432,-100.300389908176,-92.5745026857779,"mean_hr"
"Thickness_Choroid_0_6_T0",0.491387727419128,-0.0898834412447265,81.7668078607538,67.3266507095054,206.329917522952,214.05580474535,""
"Thickness_INL_0_6_T0",0.479604811331651,-0.115132547146462,1.39108889795247,0.95882928694605,75.9688113115959,83.6946985339937,""
"Thickness_OuterRetina_0_6_T0",0.413035649498767,-0.257780751074071,8.84156243034561,7.55407069834543,135.148868472025,142.874755694423,""
