"Category","Group","Mean_R2","Median_R2","SD_R2","Mean_RMSE","Median_RMSE","SD_RMSE","n_models"
"Bloodflow","Diabetic",0.559315969884089,0.570083088400183,0.107159142834333,1.44583808444175,1.06981443840356,1.21568443773759,21
"Bloodflow","Non-diabetic",0.493198690817559,0.498196025975692,0.141239870360619,1.56812606153508,1.48803461052854,1.21642479173577,21
"Thickness","Diabetic",0.589792950072775,0.600276107944497,0.124346505738206,21.7958512181339,12.3523305692227,23.3082346560081,7
"Thickness","Non-diabetic",0.62760121507173,0.587276225807932,0.184293704776757,15.3774530626938,5.78968595081758,29.4439545141522,7
