"Parameter","Rho","P_value","P_adjusted"
"PA_Choroid",-0.048951048951049,0.879918578878675,0.91409334241076
"PA_DCP",0.286713286713287,0.366251460583582,0.91409334241076
"PA_ICP",0.041958041958042,0.896985870819554,0.91409334241076
"PA_SVP",0.034965034965035,0.91409334241076,0.91409334241076
"VD_DCP",0.244755244755245,0.443261936450183,0.91409334241076
"VD_ICP",0.0839160839160839,0.795414501853898,0.91409334241076
"VD_SVP",-0.055944055944056,0.862898073694971,0.91409334241076
