"Parameter","Rho","P_value","P_adjusted"
"PA_Choroid",0.766666666666667,0.015944016578974,0.111608116052818
"PA_ICP",0.55,0.124976784188332,0.437418744659161
"PA_SVP",0.466666666666667,0.205386351105812,0.479234819246894
"PA_DCP",0.133333333333333,0.732367505236297,0.854428756109014
"VD_ICP",-0.183333333333333,0.636819811762894,0.854428756109014
"VD_SVP",-0.216666666666667,0.575514895711925,0.854428756109014
"VD_DCP",0,1,1
