"OCTA_Variable","Wearable_Variable","Coefficient","Std_Error","CI_Lower","CI_Upper","T_value","P_value","R_squared","Adj_R_squared","F_statistic","Model_P_value","Original_Correlation","Original_P_value"
"Thickness_GCL.IPL_0_21_T0","mean_rhr",0.324672062356796,0.105656330238834,0.107068776887483,0.542275347826109,3.07290686343999,0.00506449864651831,0.426913971502962,0.312296765803555,3.72469359114004,0.0117429161717745,0.556873474584176,0.000931852996564172
"Thickness_RNFL_0_21_T0","mean_rhr",0.983088181158539,0.409217481174411,0.141929601797251,1.82424676051983,2.4023611560708,0.0237254800100592,0.435390953839769,0.326812291116647,4.00991265613602,0.00788246626183545,0.53130406552528,0.00146492907197223
"Thickness_Retina_0_21_T0","mean_rhr",1.14475798068082,0.759555307834323,-0.419575458752371,2.709091420114,1.50714236194965,0.144307521763009,0.397063463053013,0.276476155663616,3.29274673801967,0.0202378028522277,0.45469822992129,0.00893422749472317
"Thickness_INL_0_21_T0","mean_rhr",0.143303218293347,0.0841569498839008,-0.0300212644746736,0.316627701061368,1.70280907864463,0.101007116900479,0.417772283769829,0.301326740523795,3.58770522360938,0.0139287489129255,0.452850495907267,0.00925169655011578
"Thickness_PED_0_21_T0","mean_bo",0.224278768969571,0.125141790597967,-0.0334555733275222,0.482013111266664,1.79219721803481,0.0852133003543032,0.152484850179169,-0.0170181797849978,0.899599554128351,0.49671906470644,0.36629610141747,0.0392147979380811
