"OCTA_Variable","Wearable_Variable","Coefficient","Std_Error","CI_Lower","CI_Upper","T_value","P_value","R_squared","Adj_R_squared","F_statistic","Model_P_value","Group","Original_Correlation","Original_P_value"
"Thickness_GCL.IPL_0_21_T0","total_sleep",-0.0165548384114531,0.0101051965810782,-0.0425310731883069,0.00942139636540072,-1.63825001113306,0.162295317182882,0.748908972813809,0.548036151064857,3.72827426972566,0.0907410109107357,"Cataract",-0.816227427325804,0.00217927027154336
"Thickness_GCL.IPL_0_21_T0","mean_rhr",0.337519523894281,0.11548706735935,0.0926978778076733,0.582341169980888,2.92257420343054,0.00996282122073886,0.410859829751411,0.263574787189264,2.78955569828517,0.0622143081672552,"DR",0.561489331301206,0.00808280765915053
"Thickness_INL_0_21_T0","total_sleep",-0.0142134644302143,0.0130929492257772,-0.0478699618849057,0.0194430330244771,-1.08558157410639,0.327208398131278,0.544052615592425,0.179294708066365,1.49154440347138,0.331301216213271,"Cataract",-0.701479569816067,0.0161469649774778
"Thickness_Retina_0_21_T0","total_sleep",-0.0828811297285232,0.0942618303854654,-0.325188878711232,0.159426619254185,-0.879265015219808,0.419501383673032,0.507209685121488,0.112977433218678,1.28657582598425,0.38663671843743,"Cataract",-0.677201568578617,0.0220727040092766
"Thickness_RNFL_0_21_T0","mean_rhr",1.09636214734931,0.479294135069864,0.0851399148147629,2.10758437988385,2.28745162339509,0.0352585188263358,0.434559527232638,0.301514710110906,3.26626423060907,0.0368815428824577,"DR",0.466964212442586,0.0284508884068159
"Thickness_RNFL_0_21_T0","total_sleep",-0.0233838743852032,0.0197007869405466,-0.0740263594423133,0.0272586106719069,-1.18695128553857,0.288561405570175,0.631875158168315,0.337375284702967,2.14558719748538,0.212106989376729,"Cataract",-0.649671965498604,0.030497890786344
"Thickness_OuterRetina_0_21_T0","total_sleep",-0.045283790525112,0.0646032981768547,-0.211351855340731,0.120784274290507,-0.700951682082011,0.514603327940379,0.45531120956376,0.0195601772147674,1.04488842426678,0.468204158557942,"Cataract",-0.602119154128345,0.0499757399621444
