"time_window","r_squared","adj_r_squared","rmse","hr_only_r2","bo_only_r2","steps_only_r2","all_r2","sample_size"
"pre_7d_all",0.420596578604204,0.0343276310070068,0.218451580143221,0.132552844470682,0.149975952442666,0.23716156125791,0.122379521660031,26
"pre_3d_7d",0.424024806515282,-0.0190330346268086,0.177138430580821,0.0931333275049807,0.168852080273067,0.332435155439944,0.246522010730081,24
"pre_3d",0.475111108670444,0.0713504230323238,0.215881929957061,0.355774155325175,0.457486727340545,0.398850930235023,0.464535998249147,24
"post_1to3d",0.448426118603544,0.0241385175293475,0.216518168113885,0.212930311644476,0.205266681217443,0.241323705743688,0.319989655930465,24
"post_4to6d",0.616680734528846,0.297248013302884,0.183604495159315,0.102739730640995,0.243236650200254,0.11694767785241,0.20903603024911,23
"post_6d",0.431070339722905,-0.00656786049024527,0.219898256189147,0.149481104981656,0.18356911469223,0.316273465983359,0.376094385543572,24
