"Parameter","Rho","P_value"
"1w",-0.146548177945436,0.549393740881856
"1m",-0.0869848934092348,0.72327150621295
