"time_window","n_patients","cv_correlation","steps_correlation","combined_correlation","p_value","auc","cohens_d","is_significant","correlation_strength"
"baseline",10,-0.189934294099397,-0.113960576459638,-0.113960576459638,0.76998154796407,0.571428571428571,0.136420330560467,FALSE,"Very Weak"
"acute_recovery",11,0.179284291400159,0.180104818759793,0.119522860933439,0.482670391169009,0.571428571428571,0.429192850418986,FALSE,"Very Weak"
"early_recovery",11,0.0597614304667197,0.239045721866879,-0.0597614304667197,0.968866024798919,0.535714285714286,0.0233535679363233,FALSE,"Very Weak"
"mid_recovery",11,0.119522860933439,0,0,0.850559480720125,0.5,0.120131485131049,FALSE,"Very Weak"
"late_recovery",11,-0.358568582800318,0.418330013267038,-0.119522860933439,0.997932704867262,0.571428571428571,0.00180587687523164,FALSE,"Very Weak"
