"time_window","r_squared","adj_r_squared","rmse","hr_only_r2","bo_only_r2","steps_only_r2","all_r2","sample_size"
"pre_7d_all",0.533127328834643,-0.0504635101220532,0.184664142381007,0.262417765299957,0.27579877088003,0.294888946808403,0.382741442790627,19
"pre_3d_7d",0.633395357776038,-0.191465087227875,0.12778446710673,0.708958152525205,0.657530881050097,0.523898402554499,0.587188461275783,14
"pre_3d",0.553990660272357,-0.189358239273715,0.173091640405674,0.55593507176223,0.750179429244499,0.580970345465125,0.705962865166062,17
"post_1to3d",0.47606122131655,-0.571816336050349,0.201149117622335,0.66395583494807,0.542470922206116,0.606692740874922,0.483959580730689,16
"post_4to6d",0.540711183010354,-0.224770178639056,0.183326209021198,0.506201141523008,0.44548587714668,0.362509960083461,0.337925806735233,17
"post_6d",0.468660394318406,-0.416905615150918,0.19718220408897,0.289124624349034,0.393494479632014,0.379736985347007,0.306501163717728,17
