"time_window","r_squared","adj_r_squared","rmse","hr_only_r2","bo_only_r2","steps_only_r2","all_r2","sample_size"
"pre_7d_all",0.793291277194056,0.379873831582168,0.0883578513097636,0.512843370526196,0.558358701156502,0.574155349104359,0.435062934281013,16
"pre_3d_7d",0.809221481700171,0.427664445100512,0.08488490756502,0.484566291390084,0.600784309034641,0.470729551516186,0.417935670153243,16
"pre_3d",0.992798975998672,0.96879556266091,0.0173787634051576,0.221213468679379,0.315491674982988,0.37313903655047,0.338093673194395,14
"post_1to3d",0.876403877263335,0.567413570421672,0.0696182329350264,0.500206745337187,0.459510320973377,0.498741411431993,0.428675757005099,15
"post_4to6d",0.818767486463914,0.365686202623698,0.0843021457959647,0.455055546850886,0.74323479160403,0.552277354320143,0.4260936525872,15
"post_6d",0.781034348186991,0.233620218654469,0.092663472146231,0.343779860697325,0.6886390158209,0.4739626493552,0.656655072141649,15
