"Parameter","Rho","P_value"
"vision_improvement_1m",-0.0634136612194045,0.773767247006395
"vision_improvement_1w",-0.0297769719592828,0.892713850656098
