"time_point","group","predictor","r2","rmse","success_rate"
"-7","D_Surg1","All Variables",0,1.17732236101141,0.625
"-7","D_Surg1","Heart Rate",0.092595633197085,0.312812107737667,0.625
"-7","D_Surg1","Blood Oxygen",0.0143917956761972,0.336893499014015,0.625
"-7","D_Surg1","Steps",0.00316921456055162,0.339487766039291,0.625
"-7","D_Surg1","Sleep",0.00142013482728021,0.592016588973014,0.625
