"time_point","group","predictor","r2","rmse","success_rate"
"-6","NoD_Surg0","All Variables",0,1.86629002623269,0.425
"-6","NoD_Surg0","Heart Rate",0.0781955989489523,0.300656915637316,0.425
"-6","NoD_Surg0","Blood Oxygen",0.0297024913431676,1.46350285622441,0.425
"-6","NoD_Surg0","Steps",0.0466618171819966,0.407204159720495,0.425
"-6","NoD_Surg0","Sleep",0.00365800590343828,0.580545097861098,0.425
