"time_point","group","predictor","r2","rmse","success_rate"
"-2","NoD_Surg0","All Variables",0.0269632584899315,1.73340636051729,0.95
"-2","NoD_Surg0","Heart Rate",0.0390656086422785,0.342937094189973,0.95
"-2","NoD_Surg0","Blood Oxygen",0.00442422282235072,0.393281349879078,0.95
"-2","NoD_Surg0","Steps",0.00974397957196625,0.3998045334847,0.95
"-2","NoD_Surg0","Sleep",0.018825280090023,0.372289973631321,0.95
