"time_point","group","predictor","r2","rmse","success_rate"
"1","NoD_Surg0","All Variables",0.00481219215174994,1.20621657029893,0.84
"1","NoD_Surg0","Heart Rate",0.00488718210054494,0.344873324115255,0.84
"1","NoD_Surg0","Blood Oxygen",0.0555486514666262,0.307387062330939,0.84
"1","NoD_Surg0","Steps",0.00356653461637158,0.415375088028472,0.84
"1","NoD_Surg0","Sleep",0.185067381884417,0.259257630461639,0.84
