"time_point","group","predictor","r2","rmse","success_rate"
"6","D_Surg1","All Variables",0.0168073372376169,3.53061806467705,0.625
"6","D_Surg1","Heart Rate",0.112641201350371,0.270542398701551,0.625
"6","D_Surg1","Blood Oxygen",0.0760862030611588,0.367106486815129,0.625
"6","D_Surg1","Steps",0.0326182601841426,0.452573431602186,0.625
"6","D_Surg1","Sleep",0.0173074318326778,0.402472202074069,0.625
