"time_point","group","predictor","r2","rmse","success_rate"
"-3","NoD_Surg0","All Variables",0.000242501592041641,0.698807117913787,0.95
"-3","NoD_Surg0","Heart Rate",0.00537799270389833,0.343886829423186,0.95
"-3","NoD_Surg0","Blood Oxygen",0.00669353671525856,0.355412439874374,0.95
"-3","NoD_Surg0","Steps",0.00400066860024807,0.354886937310937,0.95
"-3","NoD_Surg0","Sleep",0.000538360813935827,0.367154392759353,0.95
