"time_point","group","predictor","r2","rmse","success_rate"
"-2","D_Surg1","All Variables",0.00180731483480098,2.11874121616855,0.625
"-2","D_Surg1","Heart Rate",0.172221304221249,0.241207096688828,0.625
"-2","D_Surg1","Blood Oxygen",0.100192609911842,0.243278079532649,0.625
"-2","D_Surg1","Steps",0.0597161808397997,0.285526039043596,0.625
"-2","D_Surg1","Sleep",0.0679113741533502,0.317956394540089,0.625
