"time_point","group","predictor","r2","rmse","success_rate"
"-4","NoD_Surg0","All Variables",0.0131610375187721,1.25307824391031,0.765
"-4","NoD_Surg0","Heart Rate",0.0219408253100357,0.215822876772357,0.765
"-4","NoD_Surg0","Blood Oxygen",0.0142907264616267,0.207905194416904,0.765
"-4","NoD_Surg0","Steps",0.019277722675245,0.239350047758143,0.765
"-4","NoD_Surg0","Sleep",0.0976796471059399,0.171938994649937,0.765
