"time_point","group","predictor","r2","rmse","success_rate"
"-1","NoD_Surg0","All Variables",0.00223730731976547,0.718197959687123,0.97
"-1","NoD_Surg0","Heart Rate",0.00120610944899749,0.393857877604383,0.97
"-1","NoD_Surg0","Blood Oxygen",0.00710853684462601,0.427756235736505,0.97
"-1","NoD_Surg0","Steps",0.00260852044414387,0.398372229702144,0.97
"-1","NoD_Surg0","Sleep",0.00077111688432754,0.443088998434664,0.97
