"time_point","group","predictor","r2","rmse","success_rate"
"3","NoD_Surg0","All Variables",0.0072370789898905,0.801234177343983,0.97
"3","NoD_Surg0","Heart Rate",0.00425526183539325,0.384061703507738,0.97
"3","NoD_Surg0","Blood Oxygen",0.00106570098347837,0.398032042111186,0.97
"3","NoD_Surg0","Steps",0.0025611918238693,0.416926631007044,0.97
"3","NoD_Surg0","Sleep",0.00269567202249873,0.50259851948457,0.97
