"time_point","group","predictor","r2","rmse","success_rate"
"5","NoD_Surg0","All Variables",0,0.666909925643316,0.97
"5","NoD_Surg0","Heart Rate",0.00233476147300232,0.413352385543733,0.97
"5","NoD_Surg0","Blood Oxygen",0.00154974785453426,0.402438033849109,0.97
"5","NoD_Surg0","Steps",0.00455737581275832,0.396524368945399,0.97
"5","NoD_Surg0","Sleep",0.0073621290819912,0.377648120247756,0.97
