"time_point","group","predictor","r2","rmse","success_rate"
"0","NoD_Surg0","All Variables",0.00465008432593512,1.14243024297541,0.97
"0","NoD_Surg0","Heart Rate",0.0573064004565717,0.318216892151651,0.97
"0","NoD_Surg0","Blood Oxygen",0.00335874018498126,0.43007694984415,0.97
"0","NoD_Surg0","Steps",0.000841625299719922,0.417382009676774,0.97
"0","NoD_Surg0","Sleep",0.00148291640058149,0.382912606757948,0.97
