"time_point","group","predictor","r2","rmse","success_rate"
"4","NoD_Surg0","All Variables",0.0100887126489107,0.47734128086845,0.995
"4","NoD_Surg0","Heart Rate",0.00131865336696867,0.381057458231616,0.995
"4","NoD_Surg0","Blood Oxygen",0.00313799892485171,0.384958580642865,0.995
"4","NoD_Surg0","Steps",0.00446453656716989,0.39121297652055,0.995
"4","NoD_Surg0","Sleep",0.00859161686253617,0.370963151924529,0.995
