"time_point","group","predictor","r2","rmse","success_rate"
"2","NoD_Surg0","All Variables",0.0112259248635693,0.52236671772496,0.995
"2","NoD_Surg0","Heart Rate",0.00290131531051265,0.380771645490369,0.995
"2","NoD_Surg0","Blood Oxygen",0.000141139949706148,0.393422814159532,0.995
"2","NoD_Surg0","Steps",0.000713000343738884,0.370601576814535,0.995
"2","NoD_Surg0","Sleep",0.0153345485341858,0.371415828804643,0.995
