"time_point","group","predictor","r2","rmse","success_rate"
"6","NoD_Surg0","All Variables",0.0194652399750518,0.553423748839061,0.995
"6","NoD_Surg0","Heart Rate",0.00468500988156193,0.391151469733289,0.995
"6","NoD_Surg0","Blood Oxygen",0.0467971200759606,0.316425960608197,0.995
"6","NoD_Surg0","Steps",0.00201565248775938,0.402797107315464,0.995
"6","NoD_Surg0","Sleep",0.00018504141357601,0.420276206146806,0.995
