"time_point","group","predictor","r2","rmse","success_rate"
"-5","NoD_Surg0","All Variables",0,2.70884041024537,0.84
"-5","NoD_Surg0","Heart Rate",0.0168873763068126,0.217044209476214,0.84
"-5","NoD_Surg0","Blood Oxygen",0.00294543218555778,0.229108293084669,0.84
"-5","NoD_Surg0","Steps",0.00225760981892825,0.223503169160772,0.84
"-5","NoD_Surg0","Sleep",0.00133575711724849,0.236000178403185,0.84
