"time_point","group","sample_size","r_squared","adj_r_squared","rmse","hr_only_r2","bo_only_r2","steps_only_r2","sleep_only_r2","all_r2","time_point_num"
"-3","D_Surg1",11,1,NA,0,0.984492201280305,0.997423135520253,0.999880499327317,0.995999088903636,0.980527251734593,-3
"-1","D_Surg1",10,1,NA,0,1,1,1,1,1,-1
"0","D_Surg1",10,1,NA,0,1,1,1,1,1,0
"2","D_Surg1",11,1,NA,0,0.999763933887541,0.752114525796858,0.994114458262785,0.99678435293458,0.96979513320909,2
"3","D_Surg1",10,1,NA,0,1,1,1,1,1,3
"4","D_Surg1",11,1,NA,0,0.999985518455058,0.975715397571657,0.931939010605926,0.999023701661505,0.751858691875922,4
"5","D_Surg1",11,1,NA,0,0.841347253976,0.826487210260584,0.819290066897986,0.84663626268015,0.766628144787569,5
