"time_window","r_squared","adj_r_squared","rmse","hr_only_r2","bo_only_r2","steps_only_r2","improve_1w_only_r2","all_r2","sample_size"
"pre_3d",0.815325128328088,0.630650256656176,0.13002605523687,0.131163993039642,0.243472205536228,0.166985900935125,0.387999809301814,0.385330288737049,23
"pre_3d_7d",0.807791087476274,0.615582174952547,0.109670124857917,0.15969924089893,0.0522744254162914,0.569973953587889,0.29438893831174,0.413334250319278,23
"pre_7d_all",0.804847797839147,0.639719011395348,0.129167461406915,0.230603200774041,0.157109060202518,0.338059024464042,0.738666433258688,0.566908572798873,25
"post_7d_30d",0.833237220653731,0.666474441307461,0.122568129403222,0.285353933984579,0.224774954202142,0.231672703811501,0.37131107719853,0.413983262249327,23
"post_day23_30",0.87881640395379,0.745514448302959,0.106496544144973,0.235621517878897,0.241406780337835,0.0849795322225883,0.849470811297589,0.573358141039454,22
"post_day27_30",0.908397169547701,0.782443277675791,0.0970958149459614,0.339486149811192,0.36131443441594,0.55579634911093,0.6191021055408,0.39352477975164,20
