"Parameter","Rho","P_value"
"1m",-0.0634136612194045,0.773767247006395
"1w",-0.0297769719592828,0.892713850656098
