"Parameter","Rho","P_value"
"1w",-0.269780718375124,0.182586530118833
"1m",-0.237563534372064,0.252843701906254
