"Parameter","Rho","P_value"
"1m",-0.658910165194283,0.00755016237854896
"1w",-0.130749396156941,0.68545627437157
