"Parameter","Rho","P_value"
"1w",-0.203185638443579,0.549031077671045
"1m",0.102062072615966,0.76524340682442
