"Model","Window","R2_mean","R2_sd","RMSE_mean"
"XGBoost","pre_7d_all",0.793500014341211,0.16722316219807,0.146983061160282
"Linear Regression","post_7d_30d",0.791755520562601,0.161881247735689,0.163733717438808
"Elastic Net","pre_3d",0.761091557584323,0.131951791758755,0.145912514331401
"LASSO","post_day23_30",0.742612374906967,0.0979313928000702,0.174216468010364
"Random Forest","pre_all",0.725868676104811,0.116275016760103,0.165177784699097
