"Model","Window","R2_mean","R2_sd","RMSE_mean"
"Elastic Net","post_day23_30",0.734331361771915,0.261058240188811,0.183460183490023
"XGBoost","post_7d_30d",0.702882775139996,0.0969614689538337,0.17981202680723
"LASSO","post_7d_30d",0.698804438025762,0.186835502769307,0.17058825317623
"Random Forest","pre_all",0.61808276450951,0.196520339843884,0.205175389477538
"Linear Regression","post_7d_30d",0.546880080364523,0.134301287719031,0.347067314322669
