"Model","Avg_R2","Max_R2","Min_R2","Std_R2"
"Elastic Net",0.671317850193937,0.734331361771915,0.637072937491628,0.0343937668946743
"XGBoost",0.623290472052023,0.702882775139996,0.575833078316038,0.0440768587271965
"LASSO",0.619259571516465,0.698804438025762,0.528365878641587,0.0682786548426862
"Random Forest",0.58612821237226,0.61808276450951,0.519090915968215,0.0331782201333691
"Linear Regression",0.414412107179646,0.546880080364523,0.247694003408978,0.0987005560885443
