"Model","Avg_R2","Max_R2","Min_R2","Std_R2"
"Linear Regression",0.695679959807085,0.791755520562601,0.50563529350464,0.0889968884019629
"Elastic Net",0.675552912282918,0.761091557584323,0.509788066367933,0.0808221644303644
"XGBoost",0.652665535396424,0.793500014341211,0.337860747211308,0.149220489880218
"LASSO",0.648536302796355,0.742612374906967,0.455326714536581,0.0921174978363693
"Random Forest",0.641497723574128,0.725868676104811,0.478480883863556,0.0847433862301603
