"Window","max_R2"
"pre_7d_all",0.793500014341211
"post_7d_30d",0.791755520562601
"post_day23_30",0.762525924965101
"pre_3d",0.761091557584323
"pre_all",0.741665019941837
"post_day27_30",0.734586704616478
"post_1w",0.714008619132394
"pre_3d_7d",0.509788066367933
