"predictor","mean_diff_r2","t_stat","p_value"
"All Predictors",0.142791517265406,2.60794371896084,0.0134346011460369
"Heart Rate",0.11063326586401,2.27672219465362,0.0292162410769772
"Blood Oxygen",0.189319354306002,3.90929384148437,0.000419639441766981
"Total Steps",0.171956266499726,3.40895296111658,0.00169470426070633
