"period","avg_all_r2","avg_hr_r2","avg_bo_r2","avg_steps_r2","count"
"Pre-Surgery",0.627072042332298,0.667546677623635,0.681936846091191,0.707149507614827,7
"Early Post-Surgery",0.609604458122876,0.538482261760289,0.614395659150755,0.605375909161149,7
"Mid Post-Surgery",0.770907709954233,0.77545009045712,0.799324087763895,0.81276427166405,22
