"predictor","total_windows","significant_windows","significance_rate","mean_rsquared","mean_coef_abs"
"pre_vision",6,3,50,0.290198710676923,0.387086929715956
"mean_bo",6,0,0,0.269532907066504,0.0473104707454244
"mean_rhr_1",6,0,0,0.26892365215437,0.00483879178875261
"steps_total",6,0,0,0.291418715994635,1.385221424993e-05
"total_sleep",6,0,0,0.26777646282052,0.000128995782555724
