"time_window","r_squared","adj_r_squared","rmse","hr_only_r2","bo_only_r2","steps_only_r2","all_r2","sample_size","includes_1w_vision"
"pre_7d_all",0.783189550162346,0.385703725459981,0.110229545917884,0.579056488656105,0.525920350090491,0.486591641694443,0.537370160490731,18,TRUE
"pre_3d_7d",0.880731417113523,0.483169474158601,0.0688941419014664,0.513941631829206,0.284405729735849,0.470272053715852,0.179553657017348,14,TRUE
"pre_3d",0.789180198565156,0.209425744619333,0.101205068740904,0.341673718059738,0.270649985713113,0.409651516872818,0.365015341523596,16,TRUE
"post_7d_30d",0.764083129983495,0.439697433710801,0.130327860125882,0.359945972413913,0.470623412974821,0.555387224297071,0.352065585727472,20,TRUE
"post_day23_30",0.825699004777508,0.551797440856448,0.101366961782795,0.468945869864373,0.539287175147742,0.61148542257645,0.529500444001297,19,TRUE
"post_day27_30",0.816127001677723,0.479026504753549,0.10695511926207,0.172438472846245,0.384426931548033,0.326907599921026,0.253384530357128,18,TRUE
