"time_window","r_squared","adj_r_squared","rmse","hr_only_r2","bo_only_r2","steps_only_r2","all_r2","sample_size","includes_1w_vision"
"pre_7d_all",0.8762788801848,0.536045800693,0.0601205547365914,0.454937433831994,0.532316058210757,0.456850996901861,0.34221417496089,16,TRUE
"pre_3d_7d",0.844638387191515,0.417393951968181,0.0673709883474734,0.456043163364143,0.403416269913017,0.461797339087007,0.5425703768562,16,TRUE
"pre_3d",0.984937051971191,0.902090837812743,0.0219403370183395,0.479296384979879,0.505802655546608,0.653521919979326,0.560302612905388,14,TRUE
"post_7d_30d",0.843683451475287,0.270522773551337,0.0689366827909987,0.722772163119935,0.656135294195607,0.582494428139441,0.689834487944859,15,TRUE
"post_day23_30",0.85513617775703,0.323968829532804,0.0663632845774664,0.722421586989791,0.589921941809571,0.687687541789324,0.453460970522819,15,TRUE
"post_day27_30",0.966002548011274,0.592030576135283,0.0338240232898067,0.567288399671049,0.794027684746755,0.854895153948282,0.635625269521373,13,TRUE
