"Parameter","Rho","P_value"
"1m",-0.0622911759870876,0.800010759602259
"1w",0.0207545439333431,0.932791042314218
