"day","stat_type","bo_type","p_value","f_value","significant","p_adjusted","significant_adjusted"
8,"median","bo",0.00143066973194663,7.82020259802291,TRUE,0.0271827249069859,TRUE
21,"median","bo",0.00017292361465497,10.9751433779649,TRUE,0.00657109735688886,TRUE
22,"median","bo",0.00441642741489906,6.22868037619195,TRUE,0.0419560604415411,TRUE
30,"median","bo",0.00434373787546125,6.29743966988078,TRUE,0.0419560604415411,TRUE
