"Parameter","Rho","P_value","P_adjusted"
"PA_Choroid",-0.646428571428571,0.00921455068997997,0.0645018548298598
"PA_DCP",-0.307142857142857,0.265472685710278,1
"PA_ICP",-0.325,0.237225438237234,1
"PA_SVP",-0.353571428571428,0.196071678434199,1
"VD_DCP",0.0964285714285714,0.732452863386731,1
"VD_ICP",-0.175,0.532748148137859,1
"VD_SVP",0.164285714285714,0.558497373248601,1
