"Parameter","Rho","P_value","P_adjusted"
"PA_DCP",-0.714285714285714,0.0713435614675377,0.499404930272764
"PA_Choroid",0.0714285714285714,0.879048193148154,1
"PA_ICP",-0.357142857142857,0.431611352038328,1
"PA_SVP",-0.571428571428571,0.180201988911528,1
"VD_DCP",-0.392857142857143,0.383316870426973,1
"VD_ICP",0,1,1
"VD_SVP",-0.0714285714285714,0.879048193148154,1
