"p_value","t_statistic","df","mean_diff","conf_int_low","conf_int_high"
2.56610580852262e-05,-7.34259487442825,9.93388355284222,15.1160365361712,-19.7071979766513,-10.5248750956911
