"cluster","count","percentage"
1,4,26.6666666666667
2,11,73.3333333333333
