"cluster","count","percentage"
1,4,26.6666666666667
2,8,53.3333333333333
3,3,20
