"cluster","count","percentage"
1,7,30.4347826086957
2,16,69.5652173913043
