"cluster","count","percentage"
1,7,30.4347826086957
2,15,65.2173913043478
3,1,4.34782608695652
