"p_value","t_statistic","df","mean_diff","conf_int_low","conf_int_high"
6.02176209018262e-06,-6.4593547516359,16.9180980611376,9.51549625991312,-12.6246842640435,-6.40630825578276
