"cluster","n","mean_hr","sd_mean_hr","mean_sd_hr","mean_min_hr","mean_max_hr"
1,4,72.2584927066761,NA,9.67093784173571,44.25,157.5
2,11,87.3745292428472,NA,10.5120754996583,43.9090909090909,148.454545454545
