"p_value","t_statistic","df","mean_diff","conf_int_low","conf_int_high"
0.000202963264548419,-4.53649999544845,19.9112684857415,11.2666211651486,-16.4486945341741,-6.08454779612316
