"Parameter","Rho","P_value"
"1m",0.174077655955698,0.551719094905596
"1w",0.0652063865641611,0.824728781676119
