"PA_Choroid_Metric","VA_Metric","N","Pearson_r","Pearson_p","Pearson_CI_Lower","Pearson_CI_Upper","Spearman_rho","Spearman_p","Effect_Size","Abs_Pearson_r","Significant","Highly_Significant"
"PA_Choroid_0_3_improvement","vision_improvement_1m",12,0.401750129874804,0.195480154567607,-0.223737545260575,0.792848575980955,-0.367776395877632,0.239527868995875,"Medium",0.401750129874804,FALSE,FALSE
"PA_Choroid_0_6_improvement","vision_improvement_1m",12,0.341345068254857,0.27753097941185,-0.289212922609558,0.76532138429663,-0.346760601827481,0.269479388463033,"Medium",0.341345068254857,FALSE,FALSE
"PA_Choroid_0_9_improvement","vision_improvement_1m",12,0.304165254604341,0.336448022563411,-0.326779253231562,0.747570303166051,-0.213660572843196,0.50491268758604,"Medium",0.304165254604341,FALSE,FALSE
"PA_Choroid_0_21_improvement","vision_improvement_1m",12,0.252564065292165,0.428375063023935,-0.375810065235763,0.721837548901315,0.0805605438589098,0.80345110920634,"Small",0.252564065292165,FALSE,FALSE
"PA_Choroid_0_12_improvement","vision_improvement_1m",12,0.156125171951661,0.628001939790348,-0.458893529539759,0.669994917012798,-0.26269742562688,0.409428194878364,"Small",0.156125171951661,FALSE,FALSE
"PA_Choroid_0_15_improvement","vision_improvement_1m",12,0.0992367728538444,0.758962907745422,-0.503330601244371,0.636867424345192,-0.199650043476429,0.533867048433134,"Negligible",0.0992367728538444,FALSE,FALSE
