"Model","Day","R2_mean","R2_sd","RMSE_mean"
"LASSO","Day -7",0.841736127233499,0.146831366264765,0.118798253868735
"XGBoost","Day -7",0.825823093513254,0.108292622503858,0.0970290080429224
"Random Forest","Day -1",0.787307145703986,0.131221051896716,0.158982184287991
"Elastic Net","Day 5",0.782834379560135,0.137643336533715,0.147455813705223
"Linear Regression","Day 22",0.764121451672571,0.093405251874096,0.171431191245013
