"Model","Avg_R2","Max_R2","Min_R2","Std_R2"
"XGBoost",0.672516608969088,0.825823093513254,0.503733674887634,0.0801690276747535
"Elastic Net",0.667086745420184,0.782834379560135,0.428282062492805,0.0749813066289988
"LASSO",0.654655531749239,0.841736127233499,0.342584228371523,0.0967776100041942
"Linear Regression",0.633204436925308,0.764121451672571,0.269833230274273,0.10561164313706
"Random Forest",0.603416934272664,0.787307145703986,0.397051695609572,0.0857315251814573
